estimate	estimated	0
estimate	estimateing	1
estimate	estimates	2
estimate	estimate	3
vum	vumed	0
vum	vuming	1
vum	vums	2
vum	vum	3
hope	hoped	0
hope	hopeing	1
hope	hopes	2
hope	hope	3
transvest	transvested	0
transvest	transvesting	1
transvest	transvests	2
transvest	transvest	3
move	moved	0
move	moveing	1
move	moves	2
move	move	3
unforgive	unforgived	0
unforgive	unforgiveing	1
unforgive	unforgives	2
unforgive	unforgive	3
graft	grafted	0
graft	grafting	1
graft	grafts	2
graft	graft	3
disally	disallyed	0
disally	disallying	1
disally	disallys	2
disally	disally	3
island	islanded	0
island	islanding	1
island	islands	2
island	island	3
export	exported	0
export	exporting	1
export	exports	2
export	export	3
pervert	perverted	0
pervert	perverting	1
pervert	perverts	2
pervert	pervert	3
desuperheat	desuprheated	0
desuperheat	desupeheating	1
desuperheat	desupeheats	2
desuperheat	desupeheat	3
bury	buryed	0
bury	burying	1
bury	burys	2
bury	bury	3
romanticize	romaniiizeed	0
romanticize	romantiizeing	1
romanticize	romaniiizzs	2
romanticize	romaniiizz	3
wait	waited	0
wait	waiting	1
wait	waits	2
wait	wait	3
preallocate	prealocaated	0
preallocate	preallcatting	1
preallocate	preallcatts	2
preallocate	prealocatt	3
dirt	dirted	0
dirt	dirting	1
dirt	dirts	2
dirt	dirt	3
slug	sluged	0
slug	sluging	1
slug	slugs	2
slug	slug	3
utter	uttered	0
utter	uttering	1
utter	utters	2
utter	utter	3
cog	coged	0
cog	coging	1
cog	cogs	2
cog	cog	3
spend	spended	0
spend	spending	1
spend	spends	2
spend	spend	3
pelletize	pelletized	0
pelletize	pelletizeing	1
pelletize	pelletizes	2
pelletize	pelletize	3
drop	droped	0
drop	droping	1
drop	drops	2
drop	drop	3
stove	stoved	0
stove	stoveing	1
stove	stoves	2
stove	stove	3
shake	shaked	0
shake	shakeing	1
shake	shakes	2
shake	shake	3
fugle	fugled	0
fugle	fugleing	1
fugle	fugles	2
fugle	fugle	3
chest	chested	0
chest	chesting	1
chest	chests	2
chest	chest	3
unsettle	unsettled	0
unsettle	unsettleing	1
unsettle	unsettles	2
unsettle	unsettle	3
lightning	lightninged	0
lightning	lightninging	1
lightning	lightnings	2
lightning	lightning	3
uncunt	uncunted	0
uncunt	uncunting	1
uncunt	uncunts	2
uncunt	uncunt	3
end	ended	0
end	ending	1
end	ends	2
end	end	3
overcentralize	overceaaiizeed	0
overcentralize	overrealiizeing	1
overcentralize	oveerealiizes	2
overcentralize	overceaaiize	3
deacon	deaconed	0
deacon	deaconing	1
deacon	deacons	2
deacon	deacon	3
burgeon	burgeoned	0
burgeon	burgeoning	1
burgeon	burgeons	2
burgeon	burgeon	3
service	serviced	0
service	serviceing	1
service	services	2
service	service	3
ghess	ghessed	0
ghess	ghessing	1
ghess	ghess	2
ghess	ghess	3
subdue	subdueed	0
subdue	subdueing	1
subdue	subdues	2
subdue	subdue	3
demodulate	demodllated	0
demodulate	demoduatting	1
demodulate	demodlaats	2
demodulate	demodllate	3
roof	roofed	0
roof	roofing	1
roof	roofs	2
roof	roof	3
rebid	rebided	0
rebid	rebiding	1
rebid	rebids	2
rebid	rebid	3
unite	united	0
unite	uniteing	1
unite	unites	2
unite	unite	3
scam	scamed	0
scam	scaming	1
scam	scams	2
scam	scam	3
winter	wintered	0
winter	wintering	1
winter	winters	2
winter	winter	3
murk	murked	0
murk	murking	1
murk	murks	2
murk	murk	3
nature	natureed	0
nature	natureing	1
nature	natures	2
nature	nature	3
repost	reposted	0
repost	reposting	1
repost	reposts	2
repost	repost	3
haunt	haunted	0
haunt	haunting	1
haunt	haunts	2
haunt	haunt	3
toshear	tosheared	0
toshear	toshearing	1
toshear	toshears	2
toshear	toshear	3
jump	jumped	0
jump	jumping	1
jump	jumps	2
jump	jump	3
shoulder	shouldered	0
shoulder	shouldering	1
shoulder	shoulders	2
shoulder	shoulder	3
pledge	pledged	0
pledge	pledgeing	1
pledge	pledges	2
pledge	pledge	3
insidiate	insidiated	0
insidiate	insidiateing	1
insidiate	insidiates	2
insidiate	insidiate	3
separate	separated	0
separate	separateing	1
separate	separates	2
separate	separate	3
overwit	overwited	0
overwit	overwiting	1
overwit	overwits	2
overwit	overwit	3
goat	goated	0
goat	goating	1
goat	goats	2
goat	goat	3
prophetize	prophetized	0
prophetize	prophetizeing	1
prophetize	prophetizes	2
prophetize	prophetize	3
scene	scened	0
scene	sceneing	1
scene	scenes	2
scene	scene	3
enform	enformed	0
enform	enforming	1
enform	enforms	2
enform	enform	3
knee	kneed	0
knee	kneeing	1
knee	knees	2
knee	knee	3
bulldog	bulldoged	0
bulldog	bulldoging	1
bulldog	bulldogs	2
bulldog	bulldog	3
bird	birded	0
bird	birding	1
bird	birds	2
bird	bird	3
rarify	rarifyed	0
rarify	rarifying	1
rarify	rarifys	2
rarify	rarify	3
obsolete	obsoleted	0
obsolete	obsoleteing	1
obsolete	obsoletes	2
obsolete	obsolete	3
commence	commencced	0
commence	commenceing	1
commence	commences	2
commence	commence	3
bond	bonded	0
bond	bonding	1
bond	bonds	2
bond	bond	3
article	articleed	0
article	articleing	1
article	articles	2
article	article	3
agree	agreed	0
agree	agreeing	1
agree	agrees	2
agree	agree	3
paean	paeaned	0
paean	paeaning	1
paean	paeans	2
paean	paean	3
perfect	perfected	0
perfect	perfecting	1
perfect	perfects	2
perfect	perfect	3
embrave	embraved	0
embrave	embraveing	1
embrave	embraves	2
embrave	embrave	3
quiet	quieted	0
quiet	quieting	1
quiet	quiets	2
quiet	quiet	3
woof	woofed	0
woof	woofing	1
woof	woofs	2
woof	woof	3
appear	appeared	0
appear	appearing	1
appear	appears	2
appear	appear	3
underlap	underlaped	0
underlap	underlaping	1
underlap	underlaps	2
underlap	underlap	3
copper	coppered	0
copper	coppering	1
copper	coppers	2
copper	copper	3
disculpate	disculpated	0
disculpate	disculpating	1
disculpate	discupaats	2
disculpate	discupaate	3
encircle	encircled	0
encircle	encircleing	1
encircle	encircles	2
encircle	encircle	3
mank	manked	0
mank	manking	1
mank	manks	2
mank	mank	3
hunger	hungered	0
hunger	hungering	1
hunger	hungers	2
hunger	hunger	3
hyperlink	hyperlinked	0
hyperlink	hyperlinking	1
hyperlink	hyperlinks	2
hyperlink	hyperlink	3
full	fulled	0
full	fulling	1
full	fulls	2
full	full	3
bescare	bescared	0
bescare	bescareing	1
bescare	bescares	2
bescare	bescare	3
slave	slaved	0
slave	slaveing	1
slave	slaves	2
slave	slave	3
unmap	unmaped	0
unmap	unmaping	1
unmap	unmaps	2
unmap	unmap	3
thunder	thundered	0
thunder	thundering	1
thunder	thunders	2
thunder	thunder	3
deech	deeched	0
deech	deeching	1
deech	deechs	2
deech	deech	3
field	fielded	0
field	fielding	1
field	fields	2
field	field	3
gummer	gummered	0
gummer	gummering	1
gummer	gummers	2
gummer	gummer	3
resist	resisted	0
resist	resisting	1
resist	resists	2
resist	resist	3
predeposit	predpossited	0
predeposit	predeosiiting	1
predeposit	predeosiits	2
predeposit	predeossit	3
waver	wavered	0
waver	wavering	1
waver	wavers	2
waver	waver	3
euthanase	euthanaseed	0
euthanase	euthanaseing	1
euthanase	euthanases	2
euthanase	euthanase	3
amount	amounted	0
amount	amounting	1
amount	amounts	2
amount	amount	3
tan	taned	0
tan	taning	1
tan	tans	2
tan	tan	3
acknowledge	acknowledged	0
acknowledge	acknowledgeing	1
acknowledge	acknowledges	2
acknowledge	acknowledge	3
bald	balded	0
bald	balding	1
bald	balds	2
bald	bald	3
sleep	sleeped	0
sleep	sleeping	1
sleep	sleeps	2
sleep	sleep	3
telepath	telepathed	0
telepath	telepathing	1
telepath	telepaths	2
telepath	telepath	3
attempt	attempted	0
attempt	attempting	1
attempt	attempts	2
attempt	attempt	3
outzany	outzanyed	0
outzany	outzanying	1
outzany	outzanys	2
outzany	outzany	3
